{
    "loss": 0.13404212892055511,
    "accuracy": 0.9624999761581421
}