{
    "loss": 12.773077011108398,
    "accuracy": 0.550000011920929
}